match_number,phase,round_name,group_name,kickoff_date_et,kickoff_time_et,kickoff_timezone_source,kickoff_at_utc,kickoff_at_oslo,kickoff_local,local_timezone,venue,city,country,home_slot,away_slot,home_team_code,away_team_code,home_team,away_team,home_score,away_score,is_finished,result_note,source_url
1,group,group_stage,A,2026-06-11,15:00,America/New_York,2026-06-11T19:00:00Z,2026-06-11T21:00:00+02:00,2026-06-11T13:00:00-06:00,America/Mexico_City,Estadio Azteca,Mexico City,Mexico,MEX,RSA,MEX,RSA,Mexico,South Africa,,,FALSE,,https://digitalhub.fifa.com/m/1be9ce37eb98fcc5/original/FWC26-Match-Schedule_English.pdf
2,group,group_stage,A,2026-06-11,22:00,America/New_York,2026-06-12T02:00:00Z,2026-06-12T04:00:00+02:00,2026-06-11T20:00:00-06:00,America/Mexico_City,Estadio Akron,Guadalajara,Mexico,KOR,CZE,KOR,CZE,Korea Republic,Czechia,,,FALSE,,https://digitalhub.fifa.com/m/1be9ce37eb98fcc5/original/FWC26-Match-Schedule_English.pdf
3,group,group_stage,B,2026-06-12,15:00,America/New_York,2026-06-12T19:00:00Z,2026-06-12T21:00:00+02:00,2026-06-12T15:00:00-04:00,America/New_York,BMO Field,Toronto,Canada,CAN,BIH,CAN,BIH,Canada,Bosnia & Herzegovina,,,FALSE,,https://digitalhub.fifa.com/m/1be9ce37eb98fcc5/original/FWC26-Match-Schedule_English.pdf
4,group,group_stage,D,2026-06-12,21:00,America/New_York,2026-06-13T01:00:00Z,2026-06-13T03:00:00+02:00,2026-06-12T18:00:00-07:00,America/Los_Angeles,SoFi Stadium,Los Angeles,USA,USA,PAR,USA,PAR,United States,Paraguay,,,FALSE,,https://digitalhub.fifa.com/m/1be9ce37eb98fcc5/original/FWC26-Match-Schedule_English.pdf
5,group,group_stage,C,2026-06-13,21:00,America/New_York,2026-06-14T01:00:00Z,2026-06-14T03:00:00+02:00,2026-06-13T21:00:00-04:00,America/New_York,Gillette Stadium,Boston,USA,HAI,SCO,HAI,SCO,Haiti,Scotland,,,FALSE,,https://digitalhub.fifa.com/m/1be9ce37eb98fcc5/original/FWC26-Match-Schedule_English.pdf
6,group,group_stage,D,2026-06-13,00:00,America/New_York,2026-06-13T04:00:00Z,2026-06-13T06:00:00+02:00,2026-06-12T21:00:00-07:00,America/Vancouver,BC Place,Vancouver,Canada,AUS,TUR,AUS,TUR,Australia,Türkiye,,,FALSE,,https://digitalhub.fifa.com/m/1be9ce37eb98fcc5/original/FWC26-Match-Schedule_English.pdf
7,group,group_stage,C,2026-06-13,18:00,America/New_York,2026-06-13T22:00:00Z,2026-06-14T00:00:00+02:00,2026-06-13T18:00:00-04:00,America/New_York,MetLife Stadium,New York/New Jersey,USA,BRA,MAR,BRA,MAR,Brazil,Morocco,,,FALSE,,https://digitalhub.fifa.com/m/1be9ce37eb98fcc5/original/FWC26-Match-Schedule_English.pdf
8,group,group_stage,B,2026-06-13,15:00,America/New_York,2026-06-13T19:00:00Z,2026-06-13T21:00:00+02:00,2026-06-13T12:00:00-07:00,America/Los_Angeles,Levi's Stadium,San Francisco Bay Area,USA,QAT,SUI,QAT,SUI,Qatar,Switzerland,,,FALSE,,https://digitalhub.fifa.com/m/1be9ce37eb98fcc5/original/FWC26-Match-Schedule_English.pdf
9,group,group_stage,E,2026-06-14,19:00,America/New_York,2026-06-14T23:00:00Z,2026-06-15T01:00:00+02:00,2026-06-14T19:00:00-04:00,America/New_York,Lincoln Financial Field,Philadelphia,USA,CIV,ECU,CIV,ECU,Côte d'Ivoire,Ecuador,,,FALSE,,https://digitalhub.fifa.com/m/1be9ce37eb98fcc5/original/FWC26-Match-Schedule_English.pdf
10,group,group_stage,E,2026-06-14,13:00,America/New_York,2026-06-14T17:00:00Z,2026-06-14T19:00:00+02:00,2026-06-14T12:00:00-05:00,America/Chicago,NRG Stadium,Houston,USA,GER,CUW,GER,CUW,Germany,Curaçao,,,FALSE,,https://digitalhub.fifa.com/m/1be9ce37eb98fcc5/original/FWC26-Match-Schedule_English.pdf
11,group,group_stage,F,2026-06-14,16:00,America/New_York,2026-06-14T20:00:00Z,2026-06-14T22:00:00+02:00,2026-06-14T15:00:00-05:00,America/Chicago,AT&T Stadium,Dallas,USA,NED,JPN,NED,JPN,Netherlands,Japan,,,FALSE,,https://digitalhub.fifa.com/m/1be9ce37eb98fcc5/original/FWC26-Match-Schedule_English.pdf
12,group,group_stage,F,2026-06-14,22:00,America/New_York,2026-06-15T02:00:00Z,2026-06-15T04:00:00+02:00,2026-06-14T20:00:00-06:00,America/Mexico_City,Estadio BBVA,Monterrey,Mexico,SWE,TUN,SWE,TUN,Sweden,Tunisia,,,FALSE,,https://digitalhub.fifa.com/m/1be9ce37eb98fcc5/original/FWC26-Match-Schedule_English.pdf
13,group,group_stage,H,2026-06-15,18:00,America/New_York,2026-06-15T22:00:00Z,2026-06-16T00:00:00+02:00,2026-06-15T18:00:00-04:00,America/New_York,Hard Rock Stadium,Miami,USA,KSA,URU,KSA,URU,Saudi Arabia,Uruguay,,,FALSE,,https://digitalhub.fifa.com/m/1be9ce37eb98fcc5/original/FWC26-Match-Schedule_English.pdf
14,group,group_stage,H,2026-06-15,12:00,America/New_York,2026-06-15T16:00:00Z,2026-06-15T18:00:00+02:00,2026-06-15T12:00:00-04:00,America/New_York,Mercedes-Benz Stadium,Atlanta,USA,ESP,CPV,ESP,CPV,Spain,Cabo Verde,,,FALSE,,https://digitalhub.fifa.com/m/1be9ce37eb98fcc5/original/FWC26-Match-Schedule_English.pdf
15,group,group_stage,G,2026-06-15,21:00,America/New_York,2026-06-16T01:00:00Z,2026-06-16T03:00:00+02:00,2026-06-15T18:00:00-07:00,America/Los_Angeles,SoFi Stadium,Los Angeles,USA,IRN,NZL,IRN,NZL,IR Iran,New Zealand,,,FALSE,,https://digitalhub.fifa.com/m/1be9ce37eb98fcc5/original/FWC26-Match-Schedule_English.pdf
16,group,group_stage,G,2026-06-15,15:00,America/New_York,2026-06-15T19:00:00Z,2026-06-15T21:00:00+02:00,2026-06-15T12:00:00-07:00,America/Los_Angeles,Lumen Field,Seattle,USA,BEL,EGY,BEL,EGY,Belgium,Egypt,,,FALSE,,https://digitalhub.fifa.com/m/1be9ce37eb98fcc5/original/FWC26-Match-Schedule_English.pdf
17,group,group_stage,I,2026-06-16,15:00,America/New_York,2026-06-16T19:00:00Z,2026-06-16T21:00:00+02:00,2026-06-16T15:00:00-04:00,America/New_York,MetLife Stadium,New York/New Jersey,USA,FRA,SEN,FRA,SEN,France,Senegal,,,FALSE,,https://digitalhub.fifa.com/m/1be9ce37eb98fcc5/original/FWC26-Match-Schedule_English.pdf
18,group,group_stage,I,2026-06-16,18:00,America/New_York,2026-06-16T22:00:00Z,2026-06-17T00:00:00+02:00,2026-06-16T18:00:00-04:00,America/New_York,Gillette Stadium,Boston,USA,IRQ,NOR,IRQ,NOR,Iraq,Norway,,,FALSE,,https://digitalhub.fifa.com/m/1be9ce37eb98fcc5/original/FWC26-Match-Schedule_English.pdf
19,group,group_stage,J,2026-06-16,21:00,America/New_York,2026-06-17T01:00:00Z,2026-06-17T03:00:00+02:00,2026-06-16T20:00:00-05:00,America/Chicago,GEHA Field at Arrowhead Stadium,Kansas City,USA,ARG,ALG,ARG,ALG,Argentina,Algeria,,,FALSE,,https://digitalhub.fifa.com/m/1be9ce37eb98fcc5/original/FWC26-Match-Schedule_English.pdf
20,group,group_stage,J,2026-06-16,00:00,America/New_York,2026-06-16T04:00:00Z,2026-06-16T06:00:00+02:00,2026-06-15T21:00:00-07:00,America/Los_Angeles,Levi's Stadium,San Francisco Bay Area,USA,AUT,JOR,AUT,JOR,Austria,Jordan,,,FALSE,,https://digitalhub.fifa.com/m/1be9ce37eb98fcc5/original/FWC26-Match-Schedule_English.pdf
21,group,group_stage,L,2026-06-17,19:00,America/New_York,2026-06-17T23:00:00Z,2026-06-18T01:00:00+02:00,2026-06-17T19:00:00-04:00,America/New_York,BMO Field,Toronto,Canada,GHA,PAN,GHA,PAN,Ghana,Panama,,,FALSE,,https://digitalhub.fifa.com/m/1be9ce37eb98fcc5/original/FWC26-Match-Schedule_English.pdf
22,group,group_stage,L,2026-06-17,16:00,America/New_York,2026-06-17T20:00:00Z,2026-06-17T22:00:00+02:00,2026-06-17T15:00:00-05:00,America/Chicago,AT&T Stadium,Dallas,USA,ENG,CRO,ENG,CRO,England,Croatia,,,FALSE,,https://digitalhub.fifa.com/m/1be9ce37eb98fcc5/original/FWC26-Match-Schedule_English.pdf
23,group,group_stage,K,2026-06-17,13:00,America/New_York,2026-06-17T17:00:00Z,2026-06-17T19:00:00+02:00,2026-06-17T12:00:00-05:00,America/Chicago,NRG Stadium,Houston,USA,POR,COD,POR,COD,Portugal,Congo DR,,,FALSE,,https://digitalhub.fifa.com/m/1be9ce37eb98fcc5/original/FWC26-Match-Schedule_English.pdf
24,group,group_stage,K,2026-06-17,22:00,America/New_York,2026-06-18T02:00:00Z,2026-06-18T04:00:00+02:00,2026-06-17T20:00:00-06:00,America/Mexico_City,Estadio Azteca,Mexico City,Mexico,UZB,COL,UZB,COL,Uzbekistan,Colombia,,,FALSE,,https://digitalhub.fifa.com/m/1be9ce37eb98fcc5/original/FWC26-Match-Schedule_English.pdf
25,group,group_stage,A,2026-06-18,12:00,America/New_York,2026-06-18T16:00:00Z,2026-06-18T18:00:00+02:00,2026-06-18T12:00:00-04:00,America/New_York,Mercedes-Benz Stadium,Atlanta,USA,CZE,RSA,CZE,RSA,Czechia,South Africa,,,FALSE,,https://digitalhub.fifa.com/m/1be9ce37eb98fcc5/original/FWC26-Match-Schedule_English.pdf
26,group,group_stage,B,2026-06-18,15:00,America/New_York,2026-06-18T19:00:00Z,2026-06-18T21:00:00+02:00,2026-06-18T12:00:00-07:00,America/Los_Angeles,SoFi Stadium,Los Angeles,USA,SUI,BIH,SUI,BIH,Switzerland,Bosnia & Herzegovina,,,FALSE,,https://digitalhub.fifa.com/m/1be9ce37eb98fcc5/original/FWC26-Match-Schedule_English.pdf
27,group,group_stage,B,2026-06-18,18:00,America/New_York,2026-06-18T22:00:00Z,2026-06-19T00:00:00+02:00,2026-06-18T15:00:00-07:00,America/Vancouver,BC Place,Vancouver,Canada,CAN,QAT,CAN,QAT,Canada,Qatar,,,FALSE,,https://digitalhub.fifa.com/m/1be9ce37eb98fcc5/original/FWC26-Match-Schedule_English.pdf
28,group,group_stage,A,2026-06-18,21:00,America/New_York,2026-06-19T01:00:00Z,2026-06-19T03:00:00+02:00,2026-06-18T19:00:00-06:00,America/Mexico_City,Estadio Akron,Guadalajara,Mexico,MEX,KOR,MEX,KOR,Mexico,Korea Republic,,,FALSE,,https://digitalhub.fifa.com/m/1be9ce37eb98fcc5/original/FWC26-Match-Schedule_English.pdf
29,group,group_stage,C,2026-06-19,20:30,America/New_York,2026-06-20T00:30:00Z,2026-06-20T02:30:00+02:00,2026-06-19T20:30:00-04:00,America/New_York,Lincoln Financial Field,Philadelphia,USA,BRA,HAI,BRA,HAI,Brazil,Haiti,,,FALSE,,https://digitalhub.fifa.com/m/1be9ce37eb98fcc5/original/FWC26-Match-Schedule_English.pdf
30,group,group_stage,C,2026-06-19,18:00,America/New_York,2026-06-19T22:00:00Z,2026-06-20T00:00:00+02:00,2026-06-19T18:00:00-04:00,America/New_York,Gillette Stadium,Boston,USA,SCO,MAR,SCO,MAR,Scotland,Morocco,,,FALSE,,https://digitalhub.fifa.com/m/1be9ce37eb98fcc5/original/FWC26-Match-Schedule_English.pdf
31,group,group_stage,D,2026-06-19,15:00,America/New_York,2026-06-19T19:00:00Z,2026-06-19T21:00:00+02:00,2026-06-19T12:00:00-07:00,America/Los_Angeles,Lumen Field,Seattle,USA,USA,AUS,USA,AUS,United States,Australia,,,FALSE,,https://digitalhub.fifa.com/m/1be9ce37eb98fcc5/original/FWC26-Match-Schedule_English.pdf
32,group,group_stage,D,2026-06-19,00:00,America/New_York,2026-06-19T04:00:00Z,2026-06-19T06:00:00+02:00,2026-06-18T21:00:00-07:00,America/Los_Angeles,Levi's Stadium,San Francisco Bay Area,USA,TUR,PAR,TUR,PAR,Türkiye,Paraguay,,,FALSE,,https://digitalhub.fifa.com/m/1be9ce37eb98fcc5/original/FWC26-Match-Schedule_English.pdf
33,group,group_stage,E,2026-06-20,16:00,America/New_York,2026-06-20T20:00:00Z,2026-06-20T22:00:00+02:00,2026-06-20T16:00:00-04:00,America/New_York,BMO Field,Toronto,Canada,GER,CIV,GER,CIV,Germany,Côte d'Ivoire,,,FALSE,,https://digitalhub.fifa.com/m/1be9ce37eb98fcc5/original/FWC26-Match-Schedule_English.pdf
34,group,group_stage,E,2026-06-20,20:00,America/New_York,2026-06-21T00:00:00Z,2026-06-21T02:00:00+02:00,2026-06-20T19:00:00-05:00,America/Chicago,GEHA Field at Arrowhead Stadium,Kansas City,USA,ECU,CUW,ECU,CUW,Ecuador,Curaçao,,,FALSE,,https://digitalhub.fifa.com/m/1be9ce37eb98fcc5/original/FWC26-Match-Schedule_English.pdf
35,group,group_stage,F,2026-06-20,13:00,America/New_York,2026-06-20T17:00:00Z,2026-06-20T19:00:00+02:00,2026-06-20T12:00:00-05:00,America/Chicago,NRG Stadium,Houston,USA,NED,SWE,NED,SWE,Netherlands,Sweden,,,FALSE,,https://digitalhub.fifa.com/m/1be9ce37eb98fcc5/original/FWC26-Match-Schedule_English.pdf
36,group,group_stage,F,2026-06-20,00:00,America/New_York,2026-06-20T04:00:00Z,2026-06-20T06:00:00+02:00,2026-06-19T22:00:00-06:00,America/Mexico_City,Estadio BBVA,Monterrey,Mexico,TUN,JPN,TUN,JPN,Tunisia,Japan,,,FALSE,,https://digitalhub.fifa.com/m/1be9ce37eb98fcc5/original/FWC26-Match-Schedule_English.pdf
37,group,group_stage,H,2026-06-21,18:00,America/New_York,2026-06-21T22:00:00Z,2026-06-22T00:00:00+02:00,2026-06-21T18:00:00-04:00,America/New_York,Hard Rock Stadium,Miami,USA,URU,CPV,URU,CPV,Uruguay,Cabo Verde,,,FALSE,,https://digitalhub.fifa.com/m/1be9ce37eb98fcc5/original/FWC26-Match-Schedule_English.pdf
38,group,group_stage,H,2026-06-21,12:00,America/New_York,2026-06-21T16:00:00Z,2026-06-21T18:00:00+02:00,2026-06-21T12:00:00-04:00,America/New_York,Mercedes-Benz Stadium,Atlanta,USA,ESP,KSA,ESP,KSA,Spain,Saudi Arabia,,,FALSE,,https://digitalhub.fifa.com/m/1be9ce37eb98fcc5/original/FWC26-Match-Schedule_English.pdf
39,group,group_stage,G,2026-06-21,15:00,America/New_York,2026-06-21T19:00:00Z,2026-06-21T21:00:00+02:00,2026-06-21T12:00:00-07:00,America/Los_Angeles,SoFi Stadium,Los Angeles,USA,BEL,IRN,BEL,IRN,Belgium,IR Iran,,,FALSE,,https://digitalhub.fifa.com/m/1be9ce37eb98fcc5/original/FWC26-Match-Schedule_English.pdf
40,group,group_stage,G,2026-06-21,21:00,America/New_York,2026-06-22T01:00:00Z,2026-06-22T03:00:00+02:00,2026-06-21T18:00:00-07:00,America/Vancouver,BC Place,Vancouver,Canada,NZL,EGY,NZL,EGY,New Zealand,Egypt,,,FALSE,,https://digitalhub.fifa.com/m/1be9ce37eb98fcc5/original/FWC26-Match-Schedule_English.pdf
41,group,group_stage,I,2026-06-22,20:00,America/New_York,2026-06-23T00:00:00Z,2026-06-23T02:00:00+02:00,2026-06-22T20:00:00-04:00,America/New_York,MetLife Stadium,New York/New Jersey,USA,NOR,SEN,NOR,SEN,Norway,Senegal,,,FALSE,,https://digitalhub.fifa.com/m/1be9ce37eb98fcc5/original/FWC26-Match-Schedule_English.pdf
42,group,group_stage,I,2026-06-22,17:00,America/New_York,2026-06-22T21:00:00Z,2026-06-22T23:00:00+02:00,2026-06-22T17:00:00-04:00,America/New_York,Lincoln Financial Field,Philadelphia,USA,FRA,IRQ,FRA,IRQ,France,Iraq,,,FALSE,,https://digitalhub.fifa.com/m/1be9ce37eb98fcc5/original/FWC26-Match-Schedule_English.pdf
43,group,group_stage,J,2026-06-22,13:00,America/New_York,2026-06-22T17:00:00Z,2026-06-22T19:00:00+02:00,2026-06-22T12:00:00-05:00,America/Chicago,AT&T Stadium,Dallas,USA,ARG,AUT,ARG,AUT,Argentina,Austria,,,FALSE,,https://digitalhub.fifa.com/m/1be9ce37eb98fcc5/original/FWC26-Match-Schedule_English.pdf
44,group,group_stage,J,2026-06-22,23:00,America/New_York,2026-06-23T03:00:00Z,2026-06-23T05:00:00+02:00,2026-06-22T20:00:00-07:00,America/Los_Angeles,Levi's Stadium,San Francisco Bay Area,USA,JOR,ALG,JOR,ALG,Jordan,Algeria,,,FALSE,,https://digitalhub.fifa.com/m/1be9ce37eb98fcc5/original/FWC26-Match-Schedule_English.pdf
45,group,group_stage,L,2026-06-23,16:00,America/New_York,2026-06-23T20:00:00Z,2026-06-23T22:00:00+02:00,2026-06-23T16:00:00-04:00,America/New_York,Gillette Stadium,Boston,USA,ENG,GHA,ENG,GHA,England,Ghana,,,FALSE,,https://digitalhub.fifa.com/m/1be9ce37eb98fcc5/original/FWC26-Match-Schedule_English.pdf
46,group,group_stage,L,2026-06-23,19:00,America/New_York,2026-06-23T23:00:00Z,2026-06-24T01:00:00+02:00,2026-06-23T19:00:00-04:00,America/New_York,BMO Field,Toronto,Canada,PAN,CRO,PAN,CRO,Panama,Croatia,,,FALSE,,https://digitalhub.fifa.com/m/1be9ce37eb98fcc5/original/FWC26-Match-Schedule_English.pdf
47,group,group_stage,K,2026-06-23,13:00,America/New_York,2026-06-23T17:00:00Z,2026-06-23T19:00:00+02:00,2026-06-23T12:00:00-05:00,America/Chicago,NRG Stadium,Houston,USA,POR,UZB,POR,UZB,Portugal,Uzbekistan,,,FALSE,,https://digitalhub.fifa.com/m/1be9ce37eb98fcc5/original/FWC26-Match-Schedule_English.pdf
48,group,group_stage,K,2026-06-23,22:00,America/New_York,2026-06-24T02:00:00Z,2026-06-24T04:00:00+02:00,2026-06-23T20:00:00-06:00,America/Mexico_City,Estadio Akron,Guadalajara,Mexico,COL,COD,COL,COD,Colombia,Congo DR,,,FALSE,,https://digitalhub.fifa.com/m/1be9ce37eb98fcc5/original/FWC26-Match-Schedule_English.pdf
49,group,group_stage,C,2026-06-24,18:00,America/New_York,2026-06-24T22:00:00Z,2026-06-25T00:00:00+02:00,2026-06-24T18:00:00-04:00,America/New_York,Hard Rock Stadium,Miami,USA,SCO,BRA,SCO,BRA,Scotland,Brazil,,,FALSE,,https://digitalhub.fifa.com/m/1be9ce37eb98fcc5/original/FWC26-Match-Schedule_English.pdf
50,group,group_stage,C,2026-06-24,18:00,America/New_York,2026-06-24T22:00:00Z,2026-06-25T00:00:00+02:00,2026-06-24T18:00:00-04:00,America/New_York,Mercedes-Benz Stadium,Atlanta,USA,MAR,HAI,MAR,HAI,Morocco,Haiti,,,FALSE,,https://digitalhub.fifa.com/m/1be9ce37eb98fcc5/original/FWC26-Match-Schedule_English.pdf
51,group,group_stage,B,2026-06-24,15:00,America/New_York,2026-06-24T19:00:00Z,2026-06-24T21:00:00+02:00,2026-06-24T12:00:00-07:00,America/Vancouver,BC Place,Vancouver,Canada,SUI,CAN,SUI,CAN,Switzerland,Canada,,,FALSE,,https://digitalhub.fifa.com/m/1be9ce37eb98fcc5/original/FWC26-Match-Schedule_English.pdf
52,group,group_stage,B,2026-06-24,15:00,America/New_York,2026-06-24T19:00:00Z,2026-06-24T21:00:00+02:00,2026-06-24T12:00:00-07:00,America/Los_Angeles,Lumen Field,Seattle,USA,BIH,QAT,BIH,QAT,Bosnia & Herzegovina,Qatar,,,FALSE,,https://digitalhub.fifa.com/m/1be9ce37eb98fcc5/original/FWC26-Match-Schedule_English.pdf
53,group,group_stage,A,2026-06-24,21:00,America/New_York,2026-06-25T01:00:00Z,2026-06-25T03:00:00+02:00,2026-06-24T19:00:00-06:00,America/Mexico_City,Estadio Azteca,Mexico City,Mexico,CZE,MEX,CZE,MEX,Czechia,Mexico,,,FALSE,,https://digitalhub.fifa.com/m/1be9ce37eb98fcc5/original/FWC26-Match-Schedule_English.pdf
54,group,group_stage,A,2026-06-24,21:00,America/New_York,2026-06-25T01:00:00Z,2026-06-25T03:00:00+02:00,2026-06-24T19:00:00-06:00,America/Mexico_City,Estadio BBVA,Monterrey,Mexico,RSA,KOR,RSA,KOR,South Africa,Korea Republic,,,FALSE,,https://digitalhub.fifa.com/m/1be9ce37eb98fcc5/original/FWC26-Match-Schedule_English.pdf
55,group,group_stage,E,2026-06-25,16:00,America/New_York,2026-06-25T20:00:00Z,2026-06-25T22:00:00+02:00,2026-06-25T16:00:00-04:00,America/New_York,Lincoln Financial Field,Philadelphia,USA,CUW,CIV,CUW,CIV,Curaçao,Côte d'Ivoire,,,FALSE,,https://digitalhub.fifa.com/m/1be9ce37eb98fcc5/original/FWC26-Match-Schedule_English.pdf
56,group,group_stage,E,2026-06-25,16:00,America/New_York,2026-06-25T20:00:00Z,2026-06-25T22:00:00+02:00,2026-06-25T16:00:00-04:00,America/New_York,MetLife Stadium,New York/New Jersey,USA,ECU,GER,ECU,GER,Ecuador,Germany,,,FALSE,,https://digitalhub.fifa.com/m/1be9ce37eb98fcc5/original/FWC26-Match-Schedule_English.pdf
57,group,group_stage,F,2026-06-25,19:00,America/New_York,2026-06-25T23:00:00Z,2026-06-26T01:00:00+02:00,2026-06-25T18:00:00-05:00,America/Chicago,AT&T Stadium,Dallas,USA,JPN,SWE,JPN,SWE,Japan,Sweden,,,FALSE,,https://digitalhub.fifa.com/m/1be9ce37eb98fcc5/original/FWC26-Match-Schedule_English.pdf
58,group,group_stage,F,2026-06-25,19:00,America/New_York,2026-06-25T23:00:00Z,2026-06-26T01:00:00+02:00,2026-06-25T18:00:00-05:00,America/Chicago,GEHA Field at Arrowhead Stadium,Kansas City,USA,TUN,NED,TUN,NED,Tunisia,Netherlands,,,FALSE,,https://digitalhub.fifa.com/m/1be9ce37eb98fcc5/original/FWC26-Match-Schedule_English.pdf
59,group,group_stage,D,2026-06-25,22:00,America/New_York,2026-06-26T02:00:00Z,2026-06-26T04:00:00+02:00,2026-06-25T19:00:00-07:00,America/Los_Angeles,SoFi Stadium,Los Angeles,USA,TUR,USA,TUR,USA,Türkiye,United States,,,FALSE,,https://digitalhub.fifa.com/m/1be9ce37eb98fcc5/original/FWC26-Match-Schedule_English.pdf
60,group,group_stage,D,2026-06-25,22:00,America/New_York,2026-06-26T02:00:00Z,2026-06-26T04:00:00+02:00,2026-06-25T19:00:00-07:00,America/Los_Angeles,Levi's Stadium,San Francisco Bay Area,USA,PAR,AUS,PAR,AUS,Paraguay,Australia,,,FALSE,,https://digitalhub.fifa.com/m/1be9ce37eb98fcc5/original/FWC26-Match-Schedule_English.pdf
61,group,group_stage,I,2026-06-26,15:00,America/New_York,2026-06-26T19:00:00Z,2026-06-26T21:00:00+02:00,2026-06-26T15:00:00-04:00,America/New_York,Gillette Stadium,Boston,USA,NOR,FRA,NOR,FRA,Norway,France,,,FALSE,,https://digitalhub.fifa.com/m/1be9ce37eb98fcc5/original/FWC26-Match-Schedule_English.pdf
62,group,group_stage,I,2026-06-26,15:00,America/New_York,2026-06-26T19:00:00Z,2026-06-26T21:00:00+02:00,2026-06-26T15:00:00-04:00,America/New_York,BMO Field,Toronto,Canada,SEN,IRQ,SEN,IRQ,Senegal,Iraq,,,FALSE,,https://digitalhub.fifa.com/m/1be9ce37eb98fcc5/original/FWC26-Match-Schedule_English.pdf
63,group,group_stage,G,2026-06-26,23:00,America/New_York,2026-06-27T03:00:00Z,2026-06-27T05:00:00+02:00,2026-06-26T20:00:00-07:00,America/Los_Angeles,Lumen Field,Seattle,USA,EGY,IRN,EGY,IRN,Egypt,IR Iran,,,FALSE,,https://digitalhub.fifa.com/m/1be9ce37eb98fcc5/original/FWC26-Match-Schedule_English.pdf
64,group,group_stage,G,2026-06-26,23:00,America/New_York,2026-06-27T03:00:00Z,2026-06-27T05:00:00+02:00,2026-06-26T20:00:00-07:00,America/Vancouver,BC Place,Vancouver,Canada,NZL,BEL,NZL,BEL,New Zealand,Belgium,,,FALSE,,https://digitalhub.fifa.com/m/1be9ce37eb98fcc5/original/FWC26-Match-Schedule_English.pdf
65,group,group_stage,H,2026-06-26,20:00,America/New_York,2026-06-27T00:00:00Z,2026-06-27T02:00:00+02:00,2026-06-26T19:00:00-05:00,America/Chicago,NRG Stadium,Houston,USA,CPV,KSA,CPV,KSA,Cabo Verde,Saudi Arabia,,,FALSE,,https://digitalhub.fifa.com/m/1be9ce37eb98fcc5/original/FWC26-Match-Schedule_English.pdf
66,group,group_stage,H,2026-06-26,20:00,America/New_York,2026-06-27T00:00:00Z,2026-06-27T02:00:00+02:00,2026-06-26T18:00:00-06:00,America/Mexico_City,Estadio Akron,Guadalajara,Mexico,URU,ESP,URU,ESP,Uruguay,Spain,,,FALSE,,https://digitalhub.fifa.com/m/1be9ce37eb98fcc5/original/FWC26-Match-Schedule_English.pdf
67,group,group_stage,L,2026-06-27,17:00,America/New_York,2026-06-27T21:00:00Z,2026-06-27T23:00:00+02:00,2026-06-27T17:00:00-04:00,America/New_York,MetLife Stadium,New York/New Jersey,USA,PAN,ENG,PAN,ENG,Panama,England,,,FALSE,,https://digitalhub.fifa.com/m/1be9ce37eb98fcc5/original/FWC26-Match-Schedule_English.pdf
68,group,group_stage,L,2026-06-27,17:00,America/New_York,2026-06-27T21:00:00Z,2026-06-27T23:00:00+02:00,2026-06-27T17:00:00-04:00,America/New_York,Lincoln Financial Field,Philadelphia,USA,CRO,GHA,CRO,GHA,Croatia,Ghana,,,FALSE,,https://digitalhub.fifa.com/m/1be9ce37eb98fcc5/original/FWC26-Match-Schedule_English.pdf
69,group,group_stage,J,2026-06-27,22:00,America/New_York,2026-06-28T02:00:00Z,2026-06-28T04:00:00+02:00,2026-06-27T21:00:00-05:00,America/Chicago,GEHA Field at Arrowhead Stadium,Kansas City,USA,ALG,AUT,ALG,AUT,Algeria,Austria,,,FALSE,,https://digitalhub.fifa.com/m/1be9ce37eb98fcc5/original/FWC26-Match-Schedule_English.pdf
70,group,group_stage,J,2026-06-27,22:00,America/New_York,2026-06-28T02:00:00Z,2026-06-28T04:00:00+02:00,2026-06-27T21:00:00-05:00,America/Chicago,AT&T Stadium,Dallas,USA,JOR,ARG,JOR,ARG,Jordan,Argentina,,,FALSE,,https://digitalhub.fifa.com/m/1be9ce37eb98fcc5/original/FWC26-Match-Schedule_English.pdf
71,group,group_stage,K,2026-06-27,19:30,America/New_York,2026-06-27T23:30:00Z,2026-06-28T01:30:00+02:00,2026-06-27T19:30:00-04:00,America/New_York,Hard Rock Stadium,Miami,USA,COL,POR,COL,POR,Colombia,Portugal,,,FALSE,,https://digitalhub.fifa.com/m/1be9ce37eb98fcc5/original/FWC26-Match-Schedule_English.pdf
72,group,group_stage,K,2026-06-27,19:30,America/New_York,2026-06-27T23:30:00Z,2026-06-28T01:30:00+02:00,2026-06-27T19:30:00-04:00,America/New_York,Mercedes-Benz Stadium,Atlanta,USA,COD,UZB,COD,UZB,Congo DR,Uzbekistan,,,FALSE,,https://digitalhub.fifa.com/m/1be9ce37eb98fcc5/original/FWC26-Match-Schedule_English.pdf
73,knockout,round_of_32,,2026-06-28,15:00,America/New_York,2026-06-28T19:00:00Z,2026-06-28T21:00:00+02:00,2026-06-28T12:00:00-07:00,America/Los_Angeles,SoFi Stadium,Los Angeles,USA,2A,2B,,,,,,,FALSE,,https://digitalhub.fifa.com/m/1be9ce37eb98fcc5/original/FWC26-Match-Schedule_English.pdf
74,knockout,round_of_32,,2026-06-29,16:30,America/New_York,2026-06-29T20:30:00Z,2026-06-29T22:30:00+02:00,2026-06-29T16:30:00-04:00,America/New_York,Gillette Stadium,Boston,USA,1E,3ABCDF,,,,,,,FALSE,,https://digitalhub.fifa.com/m/1be9ce37eb98fcc5/original/FWC26-Match-Schedule_English.pdf
75,knockout,round_of_32,,2026-06-29,21:00,America/New_York,2026-06-30T01:00:00Z,2026-06-30T03:00:00+02:00,2026-06-29T19:00:00-06:00,America/Mexico_City,Estadio BBVA,Monterrey,Mexico,1F,2C,,,,,,,FALSE,,https://digitalhub.fifa.com/m/1be9ce37eb98fcc5/original/FWC26-Match-Schedule_English.pdf
76,knockout,round_of_32,,2026-06-29,13:00,America/New_York,2026-06-29T17:00:00Z,2026-06-29T19:00:00+02:00,2026-06-29T12:00:00-05:00,America/Chicago,NRG Stadium,Houston,USA,1C,2F,,,,,,,FALSE,,https://digitalhub.fifa.com/m/1be9ce37eb98fcc5/original/FWC26-Match-Schedule_English.pdf
77,knockout,round_of_32,,2026-06-30,17:00,America/New_York,2026-06-30T21:00:00Z,2026-06-30T23:00:00+02:00,2026-06-30T17:00:00-04:00,America/New_York,MetLife Stadium,New York/New Jersey,USA,1I,3CDFGH,,,,,,,FALSE,,https://digitalhub.fifa.com/m/1be9ce37eb98fcc5/original/FWC26-Match-Schedule_English.pdf
78,knockout,round_of_32,,2026-06-30,13:00,America/New_York,2026-06-30T17:00:00Z,2026-06-30T19:00:00+02:00,2026-06-30T12:00:00-05:00,America/Chicago,AT&T Stadium,Dallas,USA,2E,2I,,,,,,,FALSE,,https://digitalhub.fifa.com/m/1be9ce37eb98fcc5/original/FWC26-Match-Schedule_English.pdf
79,knockout,round_of_32,,2026-06-30,21:00,America/New_York,2026-07-01T01:00:00Z,2026-07-01T03:00:00+02:00,2026-06-30T19:00:00-06:00,America/Mexico_City,Estadio Azteca,Mexico City,Mexico,1A,3CEFHI,,,,,,,FALSE,,https://digitalhub.fifa.com/m/1be9ce37eb98fcc5/original/FWC26-Match-Schedule_English.pdf
80,knockout,round_of_32,,2026-07-01,12:00,America/New_York,2026-07-01T16:00:00Z,2026-07-01T18:00:00+02:00,2026-07-01T12:00:00-04:00,America/New_York,Mercedes-Benz Stadium,Atlanta,USA,1L,3EHIJK,,,,,,,FALSE,,https://digitalhub.fifa.com/m/1be9ce37eb98fcc5/original/FWC26-Match-Schedule_English.pdf
81,knockout,round_of_32,,2026-07-01,20:00,America/New_York,2026-07-02T00:00:00Z,2026-07-02T02:00:00+02:00,2026-07-01T17:00:00-07:00,America/Los_Angeles,Levi's Stadium,San Francisco Bay Area,USA,1D,3BEFIJ,,,,,,,FALSE,,https://digitalhub.fifa.com/m/1be9ce37eb98fcc5/original/FWC26-Match-Schedule_English.pdf
82,knockout,round_of_32,,2026-07-01,16:00,America/New_York,2026-07-01T20:00:00Z,2026-07-01T22:00:00+02:00,2026-07-01T13:00:00-07:00,America/Los_Angeles,Lumen Field,Seattle,USA,1G,3AEHIJ,,,,,,,FALSE,,https://digitalhub.fifa.com/m/1be9ce37eb98fcc5/original/FWC26-Match-Schedule_English.pdf
83,knockout,round_of_32,,2026-07-02,19:00,America/New_York,2026-07-02T23:00:00Z,2026-07-03T01:00:00+02:00,2026-07-02T19:00:00-04:00,America/New_York,BMO Field,Toronto,Canada,2K,2L,,,,,,,FALSE,,https://digitalhub.fifa.com/m/1be9ce37eb98fcc5/original/FWC26-Match-Schedule_English.pdf
84,knockout,round_of_32,,2026-07-02,15:00,America/New_York,2026-07-02T19:00:00Z,2026-07-02T21:00:00+02:00,2026-07-02T12:00:00-07:00,America/Los_Angeles,SoFi Stadium,Los Angeles,USA,1H,2J,,,,,,,FALSE,,https://digitalhub.fifa.com/m/1be9ce37eb98fcc5/original/FWC26-Match-Schedule_English.pdf
85,knockout,round_of_32,,2026-07-02,23:00,America/New_York,2026-07-03T03:00:00Z,2026-07-03T05:00:00+02:00,2026-07-02T20:00:00-07:00,America/Vancouver,BC Place,Vancouver,Canada,1B,3EFGIJ,,,,,,,FALSE,,https://digitalhub.fifa.com/m/1be9ce37eb98fcc5/original/FWC26-Match-Schedule_English.pdf
86,knockout,round_of_32,,2026-07-03,18:00,America/New_York,2026-07-03T22:00:00Z,2026-07-04T00:00:00+02:00,2026-07-03T18:00:00-04:00,America/New_York,Hard Rock Stadium,Miami,USA,1J,2H,,,,,,,FALSE,,https://digitalhub.fifa.com/m/1be9ce37eb98fcc5/original/FWC26-Match-Schedule_English.pdf
87,knockout,round_of_32,,2026-07-03,21:30,America/New_York,2026-07-04T01:30:00Z,2026-07-04T03:30:00+02:00,2026-07-03T20:30:00-05:00,America/Chicago,GEHA Field at Arrowhead Stadium,Kansas City,USA,1K,3DEIJL,,,,,,,FALSE,,https://digitalhub.fifa.com/m/1be9ce37eb98fcc5/original/FWC26-Match-Schedule_English.pdf
88,knockout,round_of_32,,2026-07-03,14:00,America/New_York,2026-07-03T18:00:00Z,2026-07-03T20:00:00+02:00,2026-07-03T13:00:00-05:00,America/Chicago,AT&T Stadium,Dallas,USA,2D,2G,,,,,,,FALSE,,https://digitalhub.fifa.com/m/1be9ce37eb98fcc5/original/FWC26-Match-Schedule_English.pdf
89,knockout,round_of_16,,2026-07-04,17:00,America/New_York,2026-07-04T21:00:00Z,2026-07-04T23:00:00+02:00,2026-07-04T17:00:00-04:00,America/New_York,Lincoln Financial Field,Philadelphia,USA,W74,W77,,,,,,,FALSE,,https://digitalhub.fifa.com/m/1be9ce37eb98fcc5/original/FWC26-Match-Schedule_English.pdf
90,knockout,round_of_16,,2026-07-04,13:00,America/New_York,2026-07-04T17:00:00Z,2026-07-04T19:00:00+02:00,2026-07-04T12:00:00-05:00,America/Chicago,NRG Stadium,Houston,USA,W73,W75,,,,,,,FALSE,,https://digitalhub.fifa.com/m/1be9ce37eb98fcc5/original/FWC26-Match-Schedule_English.pdf
91,knockout,round_of_16,,2026-07-05,16:00,America/New_York,2026-07-05T20:00:00Z,2026-07-05T22:00:00+02:00,2026-07-05T16:00:00-04:00,America/New_York,MetLife Stadium,New York/New Jersey,USA,W76,W78,,,,,,,FALSE,,https://digitalhub.fifa.com/m/1be9ce37eb98fcc5/original/FWC26-Match-Schedule_English.pdf
92,knockout,round_of_16,,2026-07-05,20:00,America/New_York,2026-07-06T00:00:00Z,2026-07-06T02:00:00+02:00,2026-07-05T18:00:00-06:00,America/Mexico_City,Estadio Azteca,Mexico City,Mexico,W79,W80,,,,,,,FALSE,,https://digitalhub.fifa.com/m/1be9ce37eb98fcc5/original/FWC26-Match-Schedule_English.pdf
93,knockout,round_of_16,,2026-07-06,15:00,America/New_York,2026-07-06T19:00:00Z,2026-07-06T21:00:00+02:00,2026-07-06T14:00:00-05:00,America/Chicago,AT&T Stadium,Dallas,USA,W83,W84,,,,,,,FALSE,,https://digitalhub.fifa.com/m/1be9ce37eb98fcc5/original/FWC26-Match-Schedule_English.pdf
94,knockout,round_of_16,,2026-07-06,20:00,America/New_York,2026-07-07T00:00:00Z,2026-07-07T02:00:00+02:00,2026-07-06T17:00:00-07:00,America/Los_Angeles,Lumen Field,Seattle,USA,W81,W82,,,,,,,FALSE,,https://digitalhub.fifa.com/m/1be9ce37eb98fcc5/original/FWC26-Match-Schedule_English.pdf
95,knockout,round_of_16,,2026-07-07,12:00,America/New_York,2026-07-07T16:00:00Z,2026-07-07T18:00:00+02:00,2026-07-07T12:00:00-04:00,America/New_York,Mercedes-Benz Stadium,Atlanta,USA,W86,W88,,,,,,,FALSE,,https://digitalhub.fifa.com/m/1be9ce37eb98fcc5/original/FWC26-Match-Schedule_English.pdf
96,knockout,round_of_16,,2026-07-07,16:00,America/New_York,2026-07-07T20:00:00Z,2026-07-07T22:00:00+02:00,2026-07-07T13:00:00-07:00,America/Vancouver,BC Place,Vancouver,Canada,W85,W87,,,,,,,FALSE,,https://digitalhub.fifa.com/m/1be9ce37eb98fcc5/original/FWC26-Match-Schedule_English.pdf
97,knockout,quarter_final,,2026-07-09,16:00,America/New_York,2026-07-09T20:00:00Z,2026-07-09T22:00:00+02:00,2026-07-09T16:00:00-04:00,America/New_York,Gillette Stadium,Boston,USA,W89,W90,,,,,,,FALSE,,https://digitalhub.fifa.com/m/1be9ce37eb98fcc5/original/FWC26-Match-Schedule_English.pdf
98,knockout,quarter_final,,2026-07-10,15:00,America/New_York,2026-07-10T19:00:00Z,2026-07-10T21:00:00+02:00,2026-07-10T12:00:00-07:00,America/Los_Angeles,SoFi Stadium,Los Angeles,USA,W93,W94,,,,,,,FALSE,,https://digitalhub.fifa.com/m/1be9ce37eb98fcc5/original/FWC26-Match-Schedule_English.pdf
99,knockout,quarter_final,,2026-07-11,17:00,America/New_York,2026-07-11T21:00:00Z,2026-07-11T23:00:00+02:00,2026-07-11T17:00:00-04:00,America/New_York,Hard Rock Stadium,Miami,USA,W91,W92,,,,,,,FALSE,,https://digitalhub.fifa.com/m/1be9ce37eb98fcc5/original/FWC26-Match-Schedule_English.pdf
100,knockout,quarter_final,,2026-07-11,21:00,America/New_York,2026-07-12T01:00:00Z,2026-07-12T03:00:00+02:00,2026-07-11T20:00:00-05:00,America/Chicago,GEHA Field at Arrowhead Stadium,Kansas City,USA,W95,W96,,,,,,,FALSE,,https://digitalhub.fifa.com/m/1be9ce37eb98fcc5/original/FWC26-Match-Schedule_English.pdf
101,knockout,semi_final,,2026-07-14,15:00,America/New_York,2026-07-14T19:00:00Z,2026-07-14T21:00:00+02:00,2026-07-14T14:00:00-05:00,America/Chicago,AT&T Stadium,Dallas,USA,W97,W98,,,,,,,FALSE,,https://digitalhub.fifa.com/m/1be9ce37eb98fcc5/original/FWC26-Match-Schedule_English.pdf
102,knockout,semi_final,,2026-07-15,15:00,America/New_York,2026-07-15T19:00:00Z,2026-07-15T21:00:00+02:00,2026-07-15T15:00:00-04:00,America/New_York,Mercedes-Benz Stadium,Atlanta,USA,W99,W100,,,,,,,FALSE,,https://digitalhub.fifa.com/m/1be9ce37eb98fcc5/original/FWC26-Match-Schedule_English.pdf
103,knockout,third_place,,2026-07-18,17:00,America/New_York,2026-07-18T21:00:00Z,2026-07-18T23:00:00+02:00,2026-07-18T17:00:00-04:00,America/New_York,Hard Rock Stadium,Miami,USA,L101,L102,,,,,,,FALSE,,https://digitalhub.fifa.com/m/1be9ce37eb98fcc5/original/FWC26-Match-Schedule_English.pdf
104,knockout,final,,2026-07-19,15:00,America/New_York,2026-07-19T19:00:00Z,2026-07-19T21:00:00+02:00,2026-07-19T15:00:00-04:00,America/New_York,MetLife Stadium,New York/New Jersey,USA,W101,W102,,,,,,,FALSE,,https://digitalhub.fifa.com/m/1be9ce37eb98fcc5/original/FWC26-Match-Schedule_English.pdf
